url,source,confirmation_method,is_reachable,http_status,reachability_error,label,rank,url_length,subdomain_count,has_https,special_char_count,keyword_score,character_entropy,tld_risk_score,has_ip_host,has_at_symbol,path_depth,query_param_count,digit_ratio,is_punycode_or_homograph,tranco_rank_bucket,brand_distance_score,brand_keyword_in_host,domain_age_days
https://zedelliveryoficial.vercel.app/,"openphish,phishtank",feed_domain,True,404.0,,1,,38,2,1,0,0,4.0407090139454995,0.5,0,0,0,0,0.0,0,0,7,0,
https://www.robiox.com.py/users/456426388441/profile,openphish,feed_domain,True,200.0,,1,,52,3,1,0,0,4.519976679963127,0.5,0,0,3,0,0.23076923076923078,0,0,5,0,
https://facebookloginbd.blogspot.com/,"openphish,phishtank",feed_domain,True,404.0,,1,,37,2,1,0,1,4.080414513985239,0.0,0,0,0,0,0.0,0,0,6,1,
https://s4w.in/www-roblox-com-users-328342285279-profile,openphish,feed_domain,True,403.0,,1,,56,1,1,5,0,4.57307964565111,0.5,0,0,1,0,0.23214285714285715,0,0,6,0,6837.0
https://vo.la/nXST81O,openphish,feed_domain,True,200.0,,1,,21,1,1,0,0,4.070656113151927,0.5,0,0,1,0,0.09523809523809523,0,2,5,0,8078.0
https://consult-sempre-online.vercel.app/,"openphish,phishtank",feed_domain,True,200.0,,1,,41,2,1,2,0,4.055501322050909,0.5,0,0,0,0,0.0,0,0,7,0,
https://user-panel-apply-blue-badge.surge.sh/,"openphish,phishtank",feed_domain,True,200.0,,1,,45,2,1,4,0,4.01120441892766,0.5,0,0,0,0,0.0,0,0,5,0,
https://www.roblox.com.et/games/78515283254292/Animal-Hospital-Anomaly-?privateServerLinkCode=36676453253709010717578264400285,openphish,feed_domain,True,200.0,,1,,126,3,1,5,0,5.107795254177069,0.5,0,0,3,1,0.36507936507936506,0,0,5,0,
https://www.roblox.com.ml/users/328342285279/profile,openphish,feed_domain,True,200.0,,1,,52,3,1,0,0,4.48151514150159,1.0,0,0,3,0,0.23076923076923078,0,0,5,0,
https://l0ginxftjtjtjupdatetjtj96956200ne9tj.webflow.io/?referer=urlvanish.com%2F6124eb7f,openphish,feed_domain,True,404.0,,1,,89,2,1,3,1,4.888773211940043,0.5,0,0,0,1,0.1797752808988764,0,0,6,0,
http://sbcverify-1e6d20.webflow.io/,openphish,feed_domain,True,200.0,,1,,35,2,0,1,1,4.457575159678481,0.5,0,0,0,0,0.11428571428571428,0,0,6,0,
https://www.roblox.com.mu/users/7047521065/profile,openphish,feed_domain,True,200.0,,1,,50,3,1,0,0,4.511272380112911,0.5,0,0,3,0,0.2,0,0,5,0,58.0
https://avanteshipping.com/wp-includes/js/de-easy/,openphish,feed_domain,True,404.0,,1,,50,1,1,2,0,4.241076880026371,0.0,0,0,3,0,0.0,0,0,9,0,305.0
https://creditoseguro--micreditopich.replit.app/,"openphish,phishtank",feed_domain,True,404.0,,1,,48,2,1,2,0,4.020512835516972,0.5,0,0,0,0,0.0,0,0,6,0,
https://goo.su/wz4bs,openphish,feed_domain,True,200.0,,1,,20,1,1,0,0,3.6464393446710153,0.5,0,0,1,0,0.05,0,3,6,0,2607.0
https://concerned-statuses-460946.framer.app/,"openphish,phishtank",feed_domain,True,200.0,,1,,45,2,1,2,0,4.2691964294707,0.5,0,0,0,0,0.13333333333333333,0,0,6,0,
https://spectrumcommunicationsbvsd.framer.website/,"openphish,phishtank",feed_domain,True,404.0,,1,,50,2,1,0,0,4.199079570624174,0.5,0,0,0,0,0.0,0,0,10,0,
http://nethnews.lk,tranco,,,,,0,702795.0,18,1,0,0,0,3.4613201402110083,0.5,0,0,0,0,0.0,0,1,8,0,
http://macour.jp,tranco,,,,,0,21270.0,16,1,0,0,0,3.625,0.5,0,0,0,0,0.0,0,3,7,0,8930.0
http://dcta.mil.br,tranco,,,,,0,256507.0,18,2,0,0,0,3.6835423624332306,0.5,0,0,0,0,0.0,0,2,5,0,1852.0
http://br345m.com,tranco,,,,,0,762644.0,17,1,0,0,0,3.734521664779752,0.0,0,0,0,0,0.17647058823529413,0,1,5,0,554.0
http://oz2.icu,tranco,,,,,0,360259.0,14,1,0,0,0,3.521640636343319,0.5,0,0,0,0,0.07142857142857142,0,2,6,0,221.0
http://zenvectorfocus.nl,tranco,,,,,0,491525.0,24,1,0,0,0,3.9701755214643453,0.5,0,0,0,0,0.0,0,2,12,0,101.0
http://cio.go.jp,tranco,,,,,0,714190.0,16,2,0,0,0,3.375,0.5,0,0,0,0,0.0,0,1,5,0,
http://coiffandco.com,tranco,,,,,0,708707.0,21,1,0,0,0,3.6537567082870006,0.0,0,0,0,0,0.0,0,1,6,0,9104.0
http://tidalhi.fi,tranco,,,,,0,101748.0,17,1,0,0,0,3.292770193936991,0.5,0,0,0,0,0.0,0,2,7,0,2519.0
http://ejoybar.com,tranco,,,,,0,517805.0,18,1,0,0,0,3.8365916681089787,0.0,0,0,0,0,0.0,0,1,4,0,1479.0
http://avanssur.ma,tranco,,,,,0,890582.0,18,1,0,0,0,3.572431251322119,0.5,0,0,0,0,0.0,0,1,8,0,7295.0
http://6bc.us,tranco,,,,,0,413556.0,13,1,0,0,0,3.3927474104487847,0.5,0,0,0,0,0.07692307692307693,0,2,5,0,1938.0
http://cosmicbettingpro.com,tranco,,,,,0,359724.0,27,1,0,0,0,3.8100810205217313,0.0,0,0,0,0,0.0,0,2,11,0,150.0
http://narkologicheskaya-klinika-v-tolyatti0.ru,tranco,,,,,0,851484.0,47,1,0,3,0,4.20386665049968,0.5,0,0,0,0,0.02127659574468085,0,1,33,0,182.0
http://z39vvj4o9.com,tranco,,,,,0,221230.0,20,1,0,0,0,3.8219280948873617,0.0,0,0,0,0,0.2,0,2,8,0,65.0
http://ehealthmedicareplans.com,tranco,,,,,0,941719.0,31,1,0,0,0,3.9134007456613777,0.0,0,0,0,0,0.0,0,1,12,0,4555.0
http://coreplan.com.br,tranco,,,,,0,732607.0,22,2,0,0,0,3.82306798227366,0.5,0,0,0,0,0.0,0,1,3,0,3014.0
http://profil.at,tranco,,,,,0,71681.0,16,1,0,0,0,3.452819531114783,0.5,0,0,0,0,0.0,0,3,7,0,
http://vidatarot.com.br,tranco,,,,,0,837732.0,23,2,0,0,0,3.74095326040484,0.5,0,0,0,0,0.0,0,1,3,0,4634.0
http://jln-mvp-api.jp,tranco,,,,,0,678480.0,21,1,0,2,0,3.6304126608739975,0.5,0,0,0,0,0.0,0,1,12,0,617.0
http://qqokc.com,tranco,,,,,0,817448.0,16,1,0,0,0,3.375,0.0,0,0,0,0,0.0,0,1,4,0,248.0
http://bus-viewer.jp,tranco,,,,,0,670615.0,20,1,0,1,0,3.9219280948873623,0.5,0,0,0,0,0.0,0,1,10,0,463.0
http://atom.com,tranco,,,,,0,3912.0,15,1,0,0,0,3.1898980954642875,0.0,0,0,0,0,0.0,0,4,2,0,11366.0
http://reissuerecords.net,tranco,,,,,0,469078.0,25,1,0,0,0,3.673269689515107,0.0,0,0,0,0,0.0,0,2,13,0,5455.0
http://calix.com,tranco,,,,,0,13012.0,16,1,0,0,0,3.625,0.0,0,0,0,0,0.0,0,3,4,0,11071.0
http://mlo-wps.com.cn,tranco,,,,,0,855403.0,21,2,0,1,0,3.7256507561120933,0.5,0,0,0,0,0.0,0,1,5,0,93.0
http://billetweb.fr,tranco,,,,,0,20945.0,19,1,0,0,0,3.5766176449086653,0.5,0,0,0,0,0.0,0,3,7,0,4653.0
http://verkkotunnukset.fi,tranco,,,,,0,908402.0,25,1,0,0,0,3.8136606896881853,0.5,0,0,0,0,0.0,0,1,13,0,8372.0
http://informunity.es,tranco,,,,,0,736309.0,21,1,0,0,0,3.8801799226757367,0.5,0,0,0,0,0.0,0,1,8,0,
http://freedom.press,tranco,,,,,0,79811.0,20,1,0,0,0,3.584183719779189,0.5,0,0,0,0,0.0,0,3,7,1,4333.0
http://etm-system.com,tranco,,,,,0,358217.0,21,1,0,1,0,3.4992275417233567,0.0,0,0,0,0,0.0,0,2,7,0,5534.0
http://modarchive.org,tranco,,,,,0,174919.0,21,1,0,0,0,3.916126946588283,0.0,0,0,0,0,0.0,0,2,9,0,8042.0
http://moderncardsonline.com,tranco,,,,,0,579996.0,28,1,0,0,0,3.9677201004744993,0.0,0,0,0,0,0.0,0,1,12,0,154.0
http://cineblog001.surf,tranco,,,,,0,658505.0,23,1,0,0,0,4.262692390839622,0.5,0,0,0,0,0.13043478260869565,0,1,12,0,61.0
http://chikeefatimid.qpon,tranco,,,,,0,146534.0,25,1,0,0,0,3.9434651896016453,0.5,0,0,0,0,0.0,0,2,13,0,277.0
http://idratherbewriting.com,tranco,,,,,0,456755.0,28,1,0,0,0,3.967720100474499,0.0,0,0,0,0,0.0,0,2,13,0,7377.0
http://inbank.pl,tranco,,,,,0,690868.0,16,1,0,0,0,3.5,0.5,0,0,0,0,0.0,0,1,5,0,7350.0
http://transdata.no,tranco,,,,,0,453218.0,19,1,0,0,0,3.3660913291191914,0.5,0,0,0,0,0.0,0,2,8,0,3966.0
http://feelflora.ru,tranco,,,,,0,851375.0,19,1,0,0,0,3.616348566075164,0.5,0,0,0,0,0.0,0,1,8,0,2056.0
http://libaclub.com,tranco,,,,,0,393518.0,19,1,0,0,0,3.7216117239699003,0.0,0,0,0,0,0.0,0,2,5,0,6672.0
http://codigosur.com,tranco,,,,,0,158908.0,20,1,0,0,0,3.7841837197791888,0.0,0,0,0,0,0.0,0,2,6,0,7671.0
http://banburyguardian.co.uk,tranco,,,,,0,308849.0,28,2,0,0,0,4.039148671903071,0.5,0,0,0,0,0.0,0,2,5,0,10732.0
http://cekipsaya.com,tranco,,,,,0,252743.0,20,1,0,0,0,3.821928094887362,0.0,0,0,0,0,0.0,0,2,6,0,4509.0
http://musee-verre-vitrail.fr,tranco,,,,,0,912178.0,29,1,0,2,0,3.8664331502253844,0.5,0,0,0,0,0.0,0,1,16,0,140.0
http://rockstarxh.world,tranco,,,,,0,820177.0,23,1,0,0,0,3.849223912390625,0.5,0,0,0,0,0.0,0,1,11,0,
http://nadadventist.org,tranco,,,,,0,446721.0,23,1,0,0,0,3.82790978214397,0.0,0,0,0,0,0.0,0,2,9,0,10255.0
http://rehs.com,tranco,,,,,0,648623.0,15,1,0,0,0,3.506890595608518,0.0,0,0,0,0,0.0,0,1,3,0,10031.0
http://planetarium-bochum.de,tranco,,,,,0,556884.0,28,1,0,1,0,4.137537511266052,0.5,0,0,0,0,0.0,0,1,15,0,
http://straighttohellapparel.com,tranco,,,,,0,962273.0,32,1,0,0,0,3.792837797403416,0.0,0,0,0,0,0.0,0,1,14,0,6252.0
http://vit.org,tranco,,,,,0,855586.0,14,1,0,0,0,3.3248629576173574,0.0,0,0,0,0,0.0,0,1,5,0,11555.0
